{
  "perplexity": 58354.43194272394,
  "num_sequences": 109805,
  "total_tokens": 1456963,
  "avg_log_prob": -10.974290589290016,
  "total_log_prob": -15989135.33984375,
  "mean_sequence_perplexity": 60187.066893037874,
  "median_sequence_perplexity": 59511.42626185256,
  "std_sequence_perplexity": 10628.151163726723
}