{
  "perplexity": 44059.83155776477,
  "num_sequences": 109805,
  "total_tokens": 1456963,
  "avg_log_prob": -10.693303797329616,
  "total_log_prob": -15579747.98046875,
  "mean_sequence_perplexity": 45259.92398674355,
  "median_sequence_perplexity": 43951.77171173621,
  "std_sequence_perplexity": 10157.442243757341
}