{
  "perplexity": 55937.70968625993,
  "num_sequences": 109805,
  "total_tokens": 1456963,
  "avg_log_prob": -10.931994023591368,
  "total_log_prob": -15927510.80859375,
  "mean_sequence_perplexity": 57639.30502344709,
  "median_sequence_perplexity": 57164.19590780043,
  "std_sequence_perplexity": 10059.472253194446
}