{
  "perplexity": 56107.58412828222,
  "num_sequences": 109805,
  "total_tokens": 1457324,
  "avg_log_prob": -10.935026271825963,
  "total_log_prob": -15935876.2265625,
  "mean_sequence_perplexity": 56573.549455489534,
  "median_sequence_perplexity": 55695.21171060053,
  "std_sequence_perplexity": 9713.596930119515
}