{
  "perplexity": 58434.36656303919,
  "num_sequences": 109805,
  "total_tokens": 1457324,
  "avg_log_prob": -10.975659464281794,
  "total_log_prob": -15995091.953125,
  "mean_sequence_perplexity": 59088.920420641945,
  "median_sequence_perplexity": 58639.66751836621,
  "std_sequence_perplexity": 9923.310670533003
}