{
  "perplexity": 44406.42151977399,
  "num_sequences": 109805,
  "total_tokens": 1457324,
  "avg_log_prob": -10.701139366786315,
  "total_log_prob": -15595027.2265625,
  "mean_sequence_perplexity": 44430.970057740815,
  "median_sequence_perplexity": 43592.95623614441,
  "std_sequence_perplexity": 10709.664194965831
}