{
  "perplexity": 36087.41207245438,
  "num_sequences": 100,
  "total_tokens": 1204,
  "avg_log_prob": -10.493699387458472,
  "total_log_prob": -12634.4140625,
  "mean_sequence_perplexity": 40055.362887527524,
  "median_sequence_perplexity": 38752.16418227398,
  "std_sequence_perplexity": 11265.642915559521
}