{
  "perplexity": 24868.04998669469,
  "num_sequences": 109805,
  "total_tokens": 1484603,
  "avg_log_prob": -10.121339125468223,
  "total_log_prob": -15026170.4296875,
  "mean_sequence_perplexity": 25600.188927572555,
  "median_sequence_perplexity": 23895.138052549333,
  "std_sequence_perplexity": 13006.369781769388
}