{
  "perplexity": 47008.16002315714,
  "num_sequences": 109805,
  "total_tokens": 1484603,
  "avg_log_prob": -10.758076483136401,
  "total_log_prob": -15971472.62109375,
  "mean_sequence_perplexity": 46844.5938747689,
  "median_sequence_perplexity": 46307.33058703834,
  "std_sequence_perplexity": 9632.443619034124
}