{
  "perplexity": 59462.04005037482,
  "num_sequences": 109805,
  "total_tokens": 1484603,
  "avg_log_prob": -10.993093405589743,
  "total_log_prob": -16320379.44921875,
  "mean_sequence_perplexity": 59147.68132818488,
  "median_sequence_perplexity": 58991.94864902448,
  "std_sequence_perplexity": 10626.942952822323
}