{
  "perplexity": 32511.487831722166,
  "num_sequences": 109805,
  "total_tokens": 1484603,
  "avg_log_prob": -10.389348777606706,
  "total_log_prob": -15424058.36328125,
  "mean_sequence_perplexity": 32816.879072069394,
  "median_sequence_perplexity": 31428.44803146785,
  "std_sequence_perplexity": 11882.138754371159
}