{
  "perplexity": 58586.65290459653,
  "num_sequences": 109805,
  "total_tokens": 1456882,
  "avg_log_prob": -10.978262183489294,
  "total_log_prob": -15994032.56640625,
  "mean_sequence_perplexity": 58950.372787058994,
  "median_sequence_perplexity": 58639.66751836621,
  "std_sequence_perplexity": 10075.946247432063
}