{
  "perplexity": 56297.12736522605,
  "num_sequences": 109805,
  "total_tokens": 1456882,
  "avg_log_prob": -10.938398789117787,
  "total_log_prob": -15935956.3046875,
  "mean_sequence_perplexity": 56611.233467485516,
  "median_sequence_perplexity": 56260.28459649545,
  "std_sequence_perplexity": 9687.964995742659
}