{
  "generation_time": "2025-08-10T18:54:38.088013",
  "total_checkpoints": 133,
  "successful_evaluations": 133,
  "final_blimp_accuracy": 0.6626865671641791,
  "final_overt_preference": 0.68
}