{
  "generation_time": "2025-08-10T00:27:48.349736",
  "total_checkpoints": 1,
  "successful_evaluations": 1,
  "final_perplexity": 59693.32275220021,
  "final_blimp_accuracy": 0.5370149253731343,
  "final_overt_preference": 0.46794871794871795
}